{"assets":[{"id":"image_0","w":148,"h":149,"u":"images/","p":"img_0.png"},{"id":"image_1","w":56,"h":37,"u":"images/","p":"img_1.png"},{"id":"image_2","w":186,"h":186,"u":"images/","p":"img_2.png"},{"id":"comp_0","layers":[{"ddd":0,"ind":1,"ty":4,"nm":"形状图层 2","parent":2,"ks":{"o":{"k":100},"r":{"k":0},"p":{"k":[9.01,-31.69,0]},"a":{"k":[-25.062,-28.406,0]},"s":{"k":[100,100,100]}},"ao":0,"shapes":[{"ty":"gr","it":[{"d":1,"ty":"el","s":{"k":[{"i":{"x":[0.833,0.833],"y":[0.833,0.833]},"o":{"x":[0.167,0.167],"y":[0.167,0.167]},"n":["0p833_0p833_0p167_0p167","0p833_0p833_0p167_0p167"],"t":27,"s":[15.7,15.7],"e":[15.7,9.7]},{"i":{"x":[0.833,0.833],"y":[0.833,0.833]},"o":{"x":[0.167,0.167],"y":[0.167,0.167]},"n":["0p833_0p833_0p167_0p167","0p833_0p833_0p167_0p167"],"t":30,"s":[15.7,9.7],"e":[15.7,15.7]},{"i":{"x":[0.833,0.833],"y":[0.833,0.833]},"o":{"x":[0.167,0.167],"y":[0.167,0.167]},"n":["0p833_0p833_0p167_0p167","0p833_0p833_0p167_0p167"],"t":34,"s":[15.7,15.7],"e":[15.7,15.7]},{"i":{"x":[0.833,0.833],"y":[0.833,0.833]},"o":{"x":[0.167,0.167],"y":[0.167,0.167]},"n":["0p833_0p833_0p167_0p167","0p833_0p833_0p167_0p167"],"t":42,"s":[15.7,15.7],"e":[15.7,9.7]},{"i":{"x":[0.833,0.833],"y":[0.833,0.833]},"o":{"x":[0.167,0.167],"y":[0.167,0.167]},"n":["0p833_0p833_0p167_0p167","0p833_0p833_0p167_0p167"],"t":45,"s":[15.7,9.7],"e":[15.7,15.7]},{"i":{"x":[0.833,0.833],"y":[0.833,0.833]},"o":{"x":[0.167,0.167],"y":[0.167,0.167]},"n":["0p833_0p833_0p167_0p167","0p833_0p833_0p167_0p167"],"t":48,"s":[15.7,15.7],"e":[15.7,9.7]},{"i":{"x":[0.833,0.833],"y":[0.833,0.833]},"o":{"x":[0.167,0.167],"y":[0.167,0.167]},"n":["0p833_0p833_0p167_0p167","0p833_0p833_0p167_0p167"],"t":51,"s":[15.7,9.7],"e":[15.7,15.7]},{"i":{"x":[0.833,0.833],"y":[0.833,0.833]},"o":{"x":[0.167,0.167],"y":[0.167,0.167]},"n":["0p833_0p833_0p167_0p167","0p833_0p833_0p167_0p167"],"t":54,"s":[15.7,15.7],"e":[15.7,15.7]},{"i":{"x":[0.833,0.833],"y":[0.833,0.833]},"o":{"x":[0.167,0.167],"y":[0.167,0.167]},"n":["0p833_0p833_0p167_0p167","0p833_0p833_0p167_0p167"],"t":56,"s":[15.7,15.7],"e":[15.7,15.7]},{"i":{"x":[0.833,0.833],"y":[0.833,0.833]},"o":{"x":[0.167,0.167],"y":[0.167,0.167]},"n":["0p833_0p833_0p167_0p167","0p833_0p833_0p167_0p167"],"t":60,"s":[15.7,15.7],"e":[15.7,15.7]},{"i":{"x":[0.833,0.833],"y":[0.833,0.833]},"o":{"x":[0.167,0.167],"y":[0.167,0.167]},"n":["0p833_0p833_0p167_0p167","0p833_0p833_0p167_0p167"],"t":67,"s":[15.7,15.7],"e":[15.7,9.7]},{"i":{"x":[0.833,0.833],"y":[0.833,0.833]},"o":{"x":[0.167,0.167],"y":[0.167,0.167]},"n":["0p833_0p833_0p167_0p167","0p833_0p833_0p167_0p167"],"t":70,"s":[15.7,9.7],"e":[15.7,15.7]},{"t":73}]},"p":{"k":[{"i":{"x":0.833,"y":0.833},"o":{"x":0.167,"y":0.167},"n":"0p833_0p833_0p167_0p167","t":34,"s":[0.9,-0.4],"e":[-0.1,-2],"to":[0,0],"ti":[0,0]},{"i":{"x":0.833,"y":0.833},"o":{"x":0.167,"y":0.167},"n":"0p833_0p833_0p167_0p167","t":42,"s":[-0.1,-2],"e":[-0.1,-2],"to":[0,0],"ti":[0,0]},{"i":{"x":0.833,"y":0.833},"o":{"x":0.167,"y":0.167},"n":"0p833_0p833_0p167_0p167","t":56,"s":[-0.1,-2],"e":[0.9,-0.4],"to":[0,0],"ti":[0,0]},{"t":60}]},"nm":"椭圆路径 1","mn":"ADBE Vector Shape - Ellipse"},{"ty":"st","c":{"k":[1,0.39,0.39,1]},"o":{"k":100},"w":{"k":0},"lc":1,"lj":1,"ml":4,"nm":"描边 1","mn":"ADBE Vector Graphic - Stroke"},{"ty":"fl","c":{"k":[0.08,0.63,0.95,1]},"o":{"k":100},"nm":"填充 1","mn":"ADBE Vector Graphic - Fill"},{"ty":"tr","p":{"k":[-25.984,-28.047],"ix":2},"a":{"k":[0,0],"ix":1},"s":{"k":[100,100],"ix":3},"r":{"k":0,"ix":6},"o":{"k":100,"ix":7},"sk":{"k":0,"ix":4},"sa":{"k":0,"ix":5},"nm":"变换"}],"nm":"椭圆 2","np":3,"mn":"ADBE Vector Group"},{"ty":"gr","it":[{"d":1,"ty":"el","s":{"k":[23.7,23.7]},"p":{"k":[0.9,-0.4]},"nm":"椭圆路径 1","mn":"ADBE Vector Shape - Ellipse"},{"ty":"st","c":{"k":[1,0.39,0.39,1]},"o":{"k":100},"w":{"k":0},"lc":1,"lj":1,"ml":4,"nm":"描边 1","mn":"ADBE Vector Graphic - Stroke"},{"ty":"fl","c":{"k":[1,0.99,0.95,1]},"o":{"k":100},"nm":"填充 1","mn":"ADBE Vector Graphic - Fill"},{"ty":"tr","p":{"k":[-25.984,-28.047],"ix":2},"a":{"k":[0,0],"ix":1},"s":{"k":[100,100],"ix":3},"r":{"k":0,"ix":6},"o":{"k":100,"ix":7},"sk":{"k":0,"ix":4},"sa":{"k":0,"ix":5},"nm":"变换"}],"nm":"椭圆 1","np":3,"mn":"ADBE Vector Group"}],"ip":0,"op":240,"st":0,"bm":0,"sr":1},{"ddd":0,"ind":2,"ty":4,"nm":"形状图层 1","ks":{"o":{"k":100},"r":{"k":-15},"p":{"k":[{"i":{"x":0.833,"y":0.833},"o":{"x":0.167,"y":0.167},"n":"0p833_0p833_0p167_0p167","t":20,"s":[174.7,171.562,0],"e":[174.7,166.562,0],"to":[0,0,0],"ti":[0,0,0]},{"i":{"x":0.833,"y":0.833},"o":{"x":0.167,"y":0.167},"n":"0p833_0p833_0p167_0p167","t":25,"s":[174.7,166.562,0],"e":[174.7,167.562,0],"to":[0,0,0],"ti":[0,0,0]},{"i":{"x":0.833,"y":0.833},"o":{"x":0.167,"y":0.167},"n":"0p833_0p833_0p167_0p167","t":27,"s":[174.7,167.562,0],"e":[174.7,167.562,0],"to":[0,0,0],"ti":[0,0,0]},{"i":{"x":0.833,"y":0.833},"o":{"x":0.167,"y":0.167},"n":"0p833_0p833_0p167_0p167","t":34,"s":[174.7,167.562,0],"e":[170.7,166.562,0],"to":[0,0,0],"ti":[0,0,0]},{"i":{"x":0.833,"y":0.833},"o":{"x":0.167,"y":0.167},"n":"0p833_0p833_0p167_0p167","t":42,"s":[170.7,166.562,0],"e":[170.7,166.562,0],"to":[0,0,0],"ti":[0,0,0]},{"i":{"x":0.833,"y":0.833},"o":{"x":0.167,"y":0.167},"n":"0p833_0p833_0p167_0p167","t":54,"s":[170.7,166.562,0],"e":[170.7,166.562,0],"to":[0,0,0],"ti":[0,0,0]},{"i":{"x":0.833,"y":0.833},"o":{"x":0.167,"y":0.167},"n":"0p833_0p833_0p167_0p167","t":56,"s":[170.7,166.562,0],"e":[174.7,171.562,0],"to":[0,0,0],"ti":[0,0,0]},{"i":{"x":0.833,"y":0.833},"o":{"x":0.167,"y":0.167},"n":"0p833_0p833_0p167_0p167","t":60,"s":[174.7,171.562,0],"e":[174.7,171.562,0],"to":[0,0,0],"ti":[0,0,0]},{"i":{"x":0.833,"y":0.833},"o":{"x":0.167,"y":0.167},"n":"0p833_0p833_0p167_0p167","t":115,"s":[174.7,171.562,0],"e":[174.7,167.562,0],"to":[0,0,0],"ti":[0,0,0]},{"i":{"x":0.833,"y":0.833},"o":{"x":0.167,"y":0.167},"n":"0p833_0p833_0p167_0p167","t":118,"s":[174.7,167.562,0],"e":[174.7,319.562,0],"to":[0,0,0],"ti":[0,0,0]},{"t":128}]},"a":{"k":[-25.094,-28.438,0]},"s":{"k":[100,100,100]}},"ao":0,"shapes":[{"ty":"gr","it":[{"d":1,"ty":"el","s":{"k":[{"i":{"x":[0.833,0.833],"y":[0.833,0.833]},"o":{"x":[0.167,0.167],"y":[0.167,0.167]},"n":["0p833_0p833_0p167_0p167","0p833_0p833_0p167_0p167"],"t":27,"s":[15.7,15.7],"e":[15.7,9.7]},{"i":{"x":[0.833,0.833],"y":[0.833,0.833]},"o":{"x":[0.167,0.167],"y":[0.167,0.167]},"n":["0p833_0p833_0p167_0p167","0p833_0p833_0p167_0p167"],"t":30,"s":[15.7,9.7],"e":[15.7,15.7]},{"i":{"x":[0.833,0.833],"y":[0.833,0.833]},"o":{"x":[0.167,0.167],"y":[0.167,0.167]},"n":["0p833_0p833_0p167_0p167","0p833_0p833_0p167_0p167"],"t":34,"s":[15.7,15.7],"e":[15.7,15.7]},{"i":{"x":[0.833,0.833],"y":[0.833,0.833]},"o":{"x":[0.167,0.167],"y":[0.167,0.167]},"n":["0p833_0p833_0p167_0p167","0p833_0p833_0p167_0p167"],"t":42,"s":[15.7,15.7],"e":[15.7,9.7]},{"i":{"x":[0.833,0.833],"y":[0.833,0.833]},"o":{"x":[0.167,0.167],"y":[0.167,0.167]},"n":["0p833_0p833_0p167_0p167","0p833_0p833_0p167_0p167"],"t":45,"s":[15.7,9.7],"e":[15.7,15.7]},{"i":{"x":[0.833,0.833],"y":[0.833,0.833]},"o":{"x":[0.167,0.167],"y":[0.167,0.167]},"n":["0p833_0p833_0p167_0p167","0p833_0p833_0p167_0p167"],"t":48,"s":[15.7,15.7],"e":[15.7,9.7]},{"i":{"x":[0.833,0.833],"y":[0.833,0.833]},"o":{"x":[0.167,0.167],"y":[0.167,0.167]},"n":["0p833_0p833_0p167_0p167","0p833_0p833_0p167_0p167"],"t":51,"s":[15.7,9.7],"e":[15.7,15.7]},{"i":{"x":[0.833,0.833],"y":[0.833,0.833]},"o":{"x":[0.167,0.167],"y":[0.167,0.167]},"n":["0p833_0p833_0p167_0p167","0p833_0p833_0p167_0p167"],"t":54,"s":[15.7,15.7],"e":[15.7,15.7]},{"i":{"x":[0.833,0.833],"y":[0.833,0.833]},"o":{"x":[0.167,0.167],"y":[0.167,0.167]},"n":["0p833_0p833_0p167_0p167","0p833_0p833_0p167_0p167"],"t":56,"s":[15.7,15.7],"e":[15.7,15.7]},{"i":{"x":[0.833,0.833],"y":[0.833,0.833]},"o":{"x":[0.167,0.167],"y":[0.167,0.167]},"n":["0p833_0p833_0p167_0p167","0p833_0p833_0p167_0p167"],"t":60,"s":[15.7,15.7],"e":[15.7,15.7]},{"i":{"x":[0.833,0.833],"y":[0.833,0.833]},"o":{"x":[0.167,0.167],"y":[0.167,0.167]},"n":["0p833_0p833_0p167_0p167","0p833_0p833_0p167_0p167"],"t":67,"s":[15.7,15.7],"e":[15.7,9.7]},{"i":{"x":[0.833,0.833],"y":[0.833,0.833]},"o":{"x":[0.167,0.167],"y":[0.167,0.167]},"n":["0p833_0p833_0p167_0p167","0p833_0p833_0p167_0p167"],"t":70,"s":[15.7,9.7],"e":[15.7,15.7]},{"t":73}]},"p":{"k":[{"i":{"x":0.833,"y":0.833},"o":{"x":0.167,"y":0.167},"n":"0p833_0p833_0p167_0p167","t":34,"s":[1,-1],"e":[0,-2],"to":[0,0],"ti":[0,0]},{"i":{"x":0.833,"y":0.833},"o":{"x":0.167,"y":0.167},"n":"0p833_0p833_0p167_0p167","t":42,"s":[0,-2],"e":[0,-2],"to":[0,0],"ti":[0,0]},{"i":{"x":0.833,"y":0.833},"o":{"x":0.167,"y":0.167},"n":"0p833_0p833_0p167_0p167","t":54,"s":[0,-2],"e":[0,-2],"to":[0,0],"ti":[0,0]},{"i":{"x":0.833,"y":0.833},"o":{"x":0.167,"y":0.167},"n":"0p833_0p833_0p167_0p167","t":56,"s":[0,-2],"e":[1,-1],"to":[0,0],"ti":[0,0]},{"t":60}]},"nm":"椭圆路径 1","mn":"ADBE Vector Shape - Ellipse"},{"ty":"st","c":{"k":[1,0.39,0.39,1]},"o":{"k":100},"w":{"k":0},"lc":1,"lj":1,"ml":4,"nm":"描边 1","mn":"ADBE Vector Graphic - Stroke"},{"ty":"fl","c":{"k":[0.08,0.63,0.95,1]},"o":{"k":100},"nm":"填充 1","mn":"ADBE Vector Graphic - Fill"},{"ty":"tr","p":{"k":[-25.984,-28.047],"ix":2},"a":{"k":[0,0],"ix":1},"s":{"k":[100,100],"ix":3},"r":{"k":0,"ix":6},"o":{"k":100,"ix":7},"sk":{"k":0,"ix":4},"sa":{"k":0,"ix":5},"nm":"变换"}],"nm":"椭圆 2","np":3,"mn":"ADBE Vector Group"},{"ty":"gr","it":[{"d":1,"ty":"el","s":{"k":[23.7,23.7]},"p":{"k":[0.9,-0.4]},"nm":"椭圆路径 1","mn":"ADBE Vector Shape - Ellipse"},{"ty":"st","c":{"k":[1,0.39,0.39,1]},"o":{"k":100},"w":{"k":0},"lc":1,"lj":1,"ml":4,"nm":"描边 1","mn":"ADBE Vector Graphic - Stroke"},{"ty":"fl","c":{"k":[1,0.99,0.95,1]},"o":{"k":100},"nm":"填充 1","mn":"ADBE Vector Graphic - Fill"},{"ty":"tr","p":{"k":[-25.984,-28.047],"ix":2},"a":{"k":[0,0],"ix":1},"s":{"k":[100,100],"ix":3},"r":{"k":0,"ix":6},"o":{"k":100,"ix":7},"sk":{"k":0,"ix":4},"sa":{"k":0,"ix":5},"nm":"变换"}],"nm":"椭圆 1","np":3,"mn":"ADBE Vector Group"}],"ip":0,"op":240,"st":0,"bm":0,"sr":1},{"ddd":0,"ind":3,"ty":2,"nm":"body.png","cl":"png","refId":"image_0","ks":{"o":{"k":100},"r":{"k":0},"p":{"k":[{"i":{"x":0.833,"y":0.833},"o":{"x":0.167,"y":0.167},"n":"0p833_0p833_0p167_0p167","t":115,"s":[202,198.5,0],"e":[202,193.5,0],"to":[0,0,0],"ti":[0,0,0]},{"i":{"x":0.833,"y":0.833},"o":{"x":0.167,"y":0.167},"n":"0p833_0p833_0p167_0p167","t":118,"s":[202,193.5,0],"e":[202,347.5,0],"to":[0,0,0],"ti":[0,0,0]},{"t":128}]},"a":{"k":[74,74.5,0]},"s":{"k":[100,100,100]}},"ao":0,"ip":0,"op":240,"st":0,"bm":0,"sr":1},{"ddd":0,"ind":4,"ty":2,"nm":"xingqiu.png","cl":"png","refId":"image_1","ks":{"o":{"k":100},"r":{"k":0},"p":{"k":[238,107.4,0]},"a":{"k":[28,18.5,0]},"s":{"k":[{"i":{"x":[0.833,0.833,0.833],"y":[0.833,0.833,0.833]},"o":{"x":[0.167,0.167,0.167],"y":[0.167,0.167,0.167]},"n":["0p833_0p833_0p167_0p167","0p833_0p833_0p167_0p167","0p833_0p833_0p167_0p167"],"t":104,"s":[100,100,100],"e":[103,103,100]},{"i":{"x":[0.833,0.833,0.833],"y":[0.833,0.833,0.833]},"o":{"x":[0.167,0.167,0.167],"y":[0.167,0.167,0.167]},"n":["0p833_0p833_0p167_0p167","0p833_0p833_0p167_0p167","0p833_0p833_0p167_0p167"],"t":106,"s":[103,103,100],"e":[61.8,61.8,100]},{"i":{"x":[0.833,0.833,0.833],"y":[0.833,0.833,0.833]},"o":{"x":[0.167,0.167,0.167],"y":[0.167,0.167,0.167]},"n":["0p833_0p833_0p167_0p167","0p833_0p833_0p167_0p167","0p833_0p833_0p167_0p167"],"t":109,"s":[61.8,61.8,100],"e":[0,0,100]},{"t":111}]}},"ao":0,"ip":0,"op":240,"st":0,"bm":0,"sr":1},{"ddd":0,"ind":5,"ty":4,"nm":"形状图层 4","ks":{"o":{"k":100},"r":{"k":[{"i":{"x":[0.833],"y":[0.833]},"o":{"x":[0.167],"y":[0.167]},"n":["0p833_0p833_0p167_0p167"],"t":103,"s":[-31],"e":[-50]},{"i":{"x":[0.833],"y":[0.833]},"o":{"x":[0.167],"y":[0.167]},"n":["0p833_0p833_0p167_0p167"],"t":106,"s":[-50],"e":[-31]},{"t":109}]},"p":{"k":[{"i":{"x":0.833,"y":0.833},"o":{"x":0.167,"y":0.167},"n":"0p833_0p833_0p167_0p167","t":110,"s":[262.5,193,0],"e":[239.5,193,0],"to":[0,0,0],"ti":[0,0,0]},{"i":{"x":0.833,"y":0.833},"o":{"x":0.167,"y":0.167},"n":"0p833_0p833_0p167_0p167","t":113,"s":[239.5,193,0],"e":[239.5,193,0],"to":[0,0,0],"ti":[0,0,0]},{"i":{"x":0.833,"y":0.833},"o":{"x":0.167,"y":0.167},"n":"0p833_0p833_0p167_0p167","t":115,"s":[239.5,193,0],"e":[239.5,189,0],"to":[0,0,0],"ti":[0,0,0]},{"i":{"x":0.833,"y":0.833},"o":{"x":0.167,"y":0.167},"n":"0p833_0p833_0p167_0p167","t":118,"s":[239.5,189,0],"e":[239.5,344,0],"to":[0,0,0],"ti":[0,0,0]},{"t":128}]},"a":{"k":[-50.757,21.669,0]},"s":{"k":[-100,100,100]}},"ao":0,"shapes":[{"ty":"gr","it":[{"ind":0,"ty":"sh","ks":{"k":[{"i":{"x":0.833,"y":0.833},"o":{"x":0.167,"y":0.167},"n":"0p833_0p833_0p167_0p167","t":74,"s":[{"i":[[5.356,5.978],[3.166,-3.538],[0,0],[0,0],[-1.471,-1.352],[-2.064,-2.2],[0,0],[0,0],[-7.105,7.327]],"o":[[-8.996,-10.041],[-7.893,8.82],[0,0],[0,0],[2.459,2.26],[1.511,1.611],[0,0],[0,0],[7.94,-8.189]],"v":[[-69.01,28.69],[-92.84,29.122],[-95.647,46.302],[-91.244,40.725],[-87.112,40.28],[-81.929,45.371],[-80.081,48.982],[-86.251,55.512],[-68.963,51.644]],"c":true}],"e":[{"i":[[5.356,5.978],[3.166,-3.538],[0,0],[0,0],[-1.471,-1.352],[-2.064,-2.2],[0,0],[0,0],[-7.105,7.327]],"o":[[-8.996,-10.041],[-7.893,8.82],[0,0],[0,0],[2.459,2.26],[1.511,1.611],[0,0],[0,0],[7.94,-8.189]],"v":[[-69.01,28.69],[-92.282,30.537],[-93.952,47.908],[-90.065,41.475],[-85.654,41.008],[-81.929,45.371],[-82.075,48.576],[-90.111,52.727],[-69.392,51.172]],"c":true}]},{"i":{"x":0.833,"y":0.833},"o":{"x":0.167,"y":0.167},"n":"0p833_0p833_0p167_0p167","t":79,"s":[{"i":[[5.356,5.978],[3.166,-3.538],[0,0],[0,0],[-1.471,-1.352],[-2.064,-2.2],[0,0],[0,0],[-7.105,7.327]],"o":[[-8.996,-10.041],[-7.893,8.82],[0,0],[0,0],[2.459,2.26],[1.511,1.611],[0,0],[0,0],[7.94,-8.189]],"v":[[-69.01,28.69],[-92.282,30.537],[-93.952,47.908],[-90.065,41.475],[-85.654,41.008],[-81.929,45.371],[-82.075,48.576],[-90.111,52.727],[-69.392,51.172]],"c":true}],"e":[{"i":[[5.356,5.978],[3.166,-3.538],[0,0],[0,0],[-1.471,-1.352],[-2.064,-2.2],[0,0],[0,0],[-7.105,7.327]],"o":[[-8.996,-10.041],[-7.893,8.82],[0,0],[0,0],[2.459,2.26],[1.511,1.611],[0,0],[0,0],[7.94,-8.189]],"v":[[-69.01,28.69],[-92.84,29.122],[-95.647,46.302],[-91.244,40.725],[-87.112,40.28],[-81.929,45.371],[-80.081,48.982],[-86.251,55.512],[-68.963,51.644]],"c":true}]},{"i":{"x":0.833,"y":0.833},"o":{"x":0.167,"y":0.167},"n":"0p833_0p833_0p167_0p167","t":81,"s":[{"i":[[5.356,5.978],[3.166,-3.538],[0,0],[0,0],[-1.471,-1.352],[-2.064,-2.2],[0,0],[0,0],[-7.105,7.327]],"o":[[-8.996,-10.041],[-7.893,8.82],[0,0],[0,0],[2.459,2.26],[1.511,1.611],[0,0],[0,0],[7.94,-8.189]],"v":[[-69.01,28.69],[-92.84,29.122],[-95.647,46.302],[-91.244,40.725],[-87.112,40.28],[-81.929,45.371],[-80.081,48.982],[-86.251,55.512],[-68.963,51.644]],"c":true}],"e":[{"i":[[5.356,5.978],[3.166,-3.538],[0,0],[0,0],[-1.471,-1.352],[-2.064,-2.2],[0,0],[0,0],[-7.105,7.327]],"o":[[-8.996,-10.041],[-7.893,8.82],[0,0],[0,0],[2.459,2.26],[1.511,1.611],[0,0],[0,0],[7.94,-8.189]],"v":[[-69.01,28.69],[-92.282,30.537],[-93.952,47.908],[-90.065,41.475],[-85.654,41.008],[-81.929,45.371],[-82.075,48.576],[-90.111,52.727],[-69.392,51.172]],"c":true}]},{"i":{"x":0.833,"y":0.833},"o":{"x":0.167,"y":0.167},"n":"0p833_0p833_0p167_0p167","t":83,"s":[{"i":[[5.356,5.978],[3.166,-3.538],[0,0],[0,0],[-1.471,-1.352],[-2.064,-2.2],[0,0],[0,0],[-7.105,7.327]],"o":[[-8.996,-10.041],[-7.893,8.82],[0,0],[0,0],[2.459,2.26],[1.511,1.611],[0,0],[0,0],[7.94,-8.189]],"v":[[-69.01,28.69],[-92.282,30.537],[-93.952,47.908],[-90.065,41.475],[-85.654,41.008],[-81.929,45.371],[-82.075,48.576],[-90.111,52.727],[-69.392,51.172]],"c":true}],"e":[{"i":[[5.356,5.978],[3.166,-3.538],[0,0],[0,0],[-1.471,-1.352],[-2.064,-2.2],[0,0],[0,0],[-7.105,7.327]],"o":[[-8.996,-10.041],[-7.893,8.82],[0,0],[0,0],[2.459,2.26],[1.511,1.611],[0,0],[0,0],[7.94,-8.189]],"v":[[-69.01,28.69],[-92.84,29.122],[-95.647,46.302],[-91.244,40.725],[-87.112,40.28],[-81.929,45.371],[-80.081,48.982],[-86.251,55.512],[-68.963,51.644]],"c":true}]},{"t":85}]},"nm":"路径 1","mn":"ADBE Vector Shape - Group"},{"ty":"st","c":{"k":[1,0.39,0.39,1]},"o":{"k":100},"w":{"k":0},"lc":1,"lj":1,"ml":4,"nm":"描边 1","mn":"ADBE Vector Graphic - Stroke"},{"ty":"fl","c":{"k":[0,0.47,0.82,1]},"o":{"k":100},"nm":"填充 1","mn":"ADBE Vector Graphic - Fill"},{"ty":"tr","p":{"k":[0,0],"ix":2},"a":{"k":[0,0],"ix":1},"s":{"k":[100,100],"ix":3},"r":{"k":0,"ix":6},"o":{"k":100,"ix":7},"sk":{"k":0,"ix":4},"sa":{"k":0,"ix":5},"nm":"变换"}],"nm":"形状 2","np":3,"mn":"ADBE Vector Group"},{"ty":"gr","it":[{"ind":0,"ty":"sh","ks":{"k":{"i":[[4.955,-3.07],[0,0],[0,0],[-13.039,7.784]],"o":[[-9.245,5.727],[0,0],[0,0],[8.961,-5.35]],"v":[[-58.083,17.731],[-75.339,28.013],[-69.364,38.421],[-51.686,28.256]],"c":true}},"nm":"路径 1","mn":"ADBE Vector Shape - Group"},{"ty":"st","c":{"k":[1,0.39,0.39,1]},"o":{"k":100},"w":{"k":0},"lc":1,"lj":1,"ml":4,"nm":"描边 1","mn":"ADBE Vector Graphic - Stroke"},{"ty":"fl","c":{"k":[0.76,0.84,0.93,1]},"o":{"k":100},"nm":"填充 1","mn":"ADBE Vector Graphic - Fill"},{"ty":"tr","p":{"k":[0,0],"ix":2},"a":{"k":[0,0],"ix":1},"s":{"k":[100,100],"ix":3},"r":{"k":0,"ix":6},"o":{"k":100,"ix":7},"sk":{"k":0,"ix":4},"sa":{"k":0,"ix":5},"nm":"变换"}],"nm":"形状 1","np":3,"mn":"ADBE Vector Group"}],"ip":0,"op":240,"st":0,"bm":0,"sr":1},{"ddd":0,"ind":6,"ty":4,"nm":"形状图层 3","ks":{"o":{"k":100},"r":{"k":[{"i":{"x":[0.833],"y":[0.833]},"o":{"x":[0.167],"y":[0.167]},"n":["0p833_0p833_0p167_0p167"],"t":103,"s":[0],"e":[21]},{"i":{"x":[0.833],"y":[0.833]},"o":{"x":[0.167],"y":[0.167]},"n":["0p833_0p833_0p167_0p167"],"t":106,"s":[21],"e":[0]},{"t":109}]},"p":{"k":[{"i":{"x":0.833,"y":0.833},"o":{"x":0.167,"y":0.167},"n":"0p833_0p833_0p167_0p167","t":110,"s":[151.5,221,0],"e":[167.5,213,0],"to":[0,0,0],"ti":[0,0,0]},{"i":{"x":0.833,"y":0.833},"o":{"x":0.167,"y":0.167},"n":"0p833_0p833_0p167_0p167","t":113,"s":[167.5,213,0],"e":[167.5,213,0],"to":[0,0,0],"ti":[0,0,0]},{"i":{"x":0.833,"y":0.833},"o":{"x":0.167,"y":0.167},"n":"0p833_0p833_0p167_0p167","t":115,"s":[167.5,213,0],"e":[167.5,209,0],"to":[0,0,0],"ti":[0,0,0]},{"i":{"x":0.833,"y":0.833},"o":{"x":0.167,"y":0.167},"n":"0p833_0p833_0p167_0p167","t":118,"s":[167.5,209,0],"e":[167.5,364,0],"to":[0,0,0],"ti":[0,0,0]},{"t":128}]},"a":{"k":[-48.5,21,0]},"s":{"k":[100,100,100]}},"ao":0,"shapes":[{"ty":"gr","it":[{"ind":0,"ty":"sh","ks":{"k":[{"i":{"x":0.833,"y":0.833},"o":{"x":0.167,"y":0.167},"n":"0p833_0p833_0p167_0p167","t":74,"s":[{"i":[[5.046,4.505],[2.537,-2.951],[0,0],[0,0],[-1.23,-0.707],[-2.397,-2.23],[0,0],[0,0],[-7.105,7.327]],"o":[[-10.5,-9.375],[-5.163,6.005],[0,0],[0,0],[2.254,2.464],[1.617,1.504],[0,0],[0,0],[7.94,-8.189]],"v":[[-68.625,27.875],[-93.162,28.951],[-96.688,44.813],[-90.334,39.813],[-87.52,39.723],[-81.929,45.371],[-81.753,48.383],[-87.688,55.062],[-69.628,51.751]],"c":true}],"e":[{"i":[[5.046,4.505],[2.336,-3.113],[0,0],[0,0],[-1.23,-0.707],[-2.397,-2.23],[0,0],[0,0],[-8.122,7.436]],"o":[[-10.5,-9.375],[-6.088,8.112],[0,0],[0,0],[2.254,2.464],[1.617,1.504],[0,0],[0,0],[8.413,-7.702]],"v":[[-68.625,27.875],[-92.662,29.826],[-93.5,48],[-89.646,40.938],[-87.082,40.161],[-82.242,44.933],[-82.066,47.695],[-90.594,51.969],[-70.253,50.251]],"c":true}]},{"i":{"x":0.833,"y":0.833},"o":{"x":0.167,"y":0.167},"n":"0p833_0p833_0p167_0p167","t":79,"s":[{"i":[[5.046,4.505],[2.336,-3.113],[0,0],[0,0],[-1.23,-0.707],[-2.397,-2.23],[0,0],[0,0],[-8.122,7.436]],"o":[[-10.5,-9.375],[-6.088,8.112],[0,0],[0,0],[2.254,2.464],[1.617,1.504],[0,0],[0,0],[8.413,-7.702]],"v":[[-68.625,27.875],[-92.662,29.826],[-93.5,48],[-89.646,40.938],[-87.082,40.161],[-82.242,44.933],[-82.066,47.695],[-90.594,51.969],[-70.253,50.251]],"c":true}],"e":[{"i":[[5.046,4.505],[2.416,-3.048],[0,0],[0,0],[-1.23,-0.707],[-2.397,-2.23],[0,0],[0,0],[-7.715,7.393]],"o":[[-10.5,-9.375],[-5.718,7.269],[0,0],[0,0],[2.254,2.464],[1.617,1.504],[0,0],[0,0],[8.224,-7.897]],"v":[[-68.625,27.875],[-92.862,29.476],[-94.775,46.725],[-89.921,40.488],[-87.257,39.986],[-82.117,45.108],[-81.941,47.97],[-89.431,53.206],[-70.003,50.851]],"c":true}]},{"i":{"x":0.833,"y":0.833},"o":{"x":0.167,"y":0.167},"n":"0p833_0p833_0p167_0p167","t":81,"s":[{"i":[[5.046,4.505],[2.416,-3.048],[0,0],[0,0],[-1.23,-0.707],[-2.397,-2.23],[0,0],[0,0],[-7.715,7.393]],"o":[[-10.5,-9.375],[-5.718,7.269],[0,0],[0,0],[2.254,2.464],[1.617,1.504],[0,0],[0,0],[8.224,-7.897]],"v":[[-68.625,27.875],[-92.862,29.476],[-94.775,46.725],[-89.921,40.488],[-87.257,39.986],[-82.117,45.108],[-81.941,47.97],[-89.431,53.206],[-70.003,50.851]],"c":true}],"e":[{"i":[[5.046,4.505],[2.336,-3.113],[0,0],[0,0],[-1.23,-0.707],[-2.397,-2.23],[0,0],[0,0],[-8.122,7.436]],"o":[[-10.5,-9.375],[-6.088,8.112],[0,0],[0,0],[2.254,2.464],[1.617,1.504],[0,0],[0,0],[8.413,-7.702]],"v":[[-68.625,27.875],[-92.662,29.826],[-93.5,48],[-89.646,40.938],[-87.082,40.161],[-82.242,44.933],[-82.066,47.695],[-90.594,51.969],[-70.253,50.251]],"c":true}]},{"i":{"x":0.833,"y":0.833},"o":{"x":0.167,"y":0.167},"n":"0p833_0p833_0p167_0p167","t":83,"s":[{"i":[[5.046,4.505],[2.336,-3.113],[0,0],[0,0],[-1.23,-0.707],[-2.397,-2.23],[0,0],[0,0],[-8.122,7.436]],"o":[[-10.5,-9.375],[-6.088,8.112],[0,0],[0,0],[2.254,2.464],[1.617,1.504],[0,0],[0,0],[8.413,-7.702]],"v":[[-68.625,27.875],[-92.662,29.826],[-93.5,48],[-89.646,40.938],[-87.082,40.161],[-82.242,44.933],[-82.066,47.695],[-90.594,51.969],[-70.253,50.251]],"c":true}],"e":[{"i":[[5.046,4.505],[2.416,-3.048],[0,0],[0,0],[-1.23,-0.707],[-2.397,-2.23],[0,0],[0,0],[-7.715,7.393]],"o":[[-10.5,-9.375],[-5.718,7.269],[0,0],[0,0],[2.254,2.464],[1.617,1.504],[0,0],[0,0],[8.224,-7.897]],"v":[[-68.625,27.875],[-92.862,29.476],[-94.775,46.725],[-89.921,40.488],[-87.257,39.986],[-82.117,45.108],[-81.941,47.97],[-89.431,53.206],[-70.003,50.851]],"c":true}]},{"t":85}]},"nm":"路径 1","mn":"ADBE Vector Shape - Group"},{"ty":"st","c":{"k":[1,0.39,0.39,1]},"o":{"k":100},"w":{"k":0},"lc":1,"lj":1,"ml":4,"nm":"描边 1","mn":"ADBE Vector Graphic - Stroke"},{"ty":"fl","c":{"k":[0,0.47,0.82,1]},"o":{"k":100},"nm":"填充 1","mn":"ADBE Vector Graphic - Fill"},{"ty":"tr","p":{"k":[0,0],"ix":2},"a":{"k":[0,0],"ix":1},"s":{"k":[100,100],"ix":3},"r":{"k":0,"ix":6},"o":{"k":100,"ix":7},"sk":{"k":0,"ix":4},"sa":{"k":0,"ix":5},"nm":"变换"}],"nm":"形状 2","np":3,"mn":"ADBE Vector Group"},{"ty":"gr","it":[{"ind":0,"ty":"sh","ks":{"k":{"i":[[4.722,-3.417],[0,0],[0,0],[-11.078,7.967]],"o":[[-7.57,5.478],[0,0],[0,0],[8.473,-6.093]],"v":[[-58.083,17.731],[-73.688,29.063],[-66.062,39.062],[-50.143,27.913]],"c":true}},"nm":"路径 1","mn":"ADBE Vector Shape - Group"},{"ty":"st","c":{"k":[1,0.39,0.39,1]},"o":{"k":100},"w":{"k":0},"lc":1,"lj":1,"ml":4,"nm":"描边 1","mn":"ADBE Vector Graphic - Stroke"},{"ty":"fl","c":{"k":[0.76,0.84,0.93,1]},"o":{"k":100},"nm":"填充 1","mn":"ADBE Vector Graphic - Fill"},{"ty":"tr","p":{"k":[0,0],"ix":2},"a":{"k":[0,0],"ix":1},"s":{"k":[100,100],"ix":3},"r":{"k":0,"ix":6},"o":{"k":100,"ix":7},"sk":{"k":0,"ix":4},"sa":{"k":0,"ix":5},"nm":"变换"}],"nm":"形状 1","np":3,"mn":"ADBE Vector Group"}],"ip":0,"op":240,"st":0,"bm":0,"sr":1}]}],"layers":[{"ddd":0,"ind":0,"ty":0,"nm":"数学","refId":"comp_0","ks":{"o":{"k":100},"r":{"k":0},"p":{"k":[114,119,0]},"a":{"k":[200,200,0]},"s":{"k":[100,100,100]}},"ao":0,"hasMask":true,"masksProperties":[{"inv":false,"mode":"a","pt":{"k":[{"i":{"x":0.833,"y":0.833},"o":{"x":0.167,"y":0.167},"n":"0p833_0p833_0p167_0p167","t":-2,"s":[{"i":[[13,3],[0,0],[0,0],[0,0],[0,0],[-39.25,1.251],[0,0],[0,0],[0,0],[3,1.5],[0,0]],"o":[[-13,-3],[0,0],[0,0],[0,0],[0,0],[62.75,-2],[0,0],[0,0],[0,0],[-3,-1.5],[0,0]],"v":[[169.75,100.5],[115.25,183],[95.25,237.5],[111,261.75],[139.5,250.75],[200,273.75],[275,221],[318.75,232.5],[330.75,164],[296.25,134],[251.25,75]],"c":true}],"e":[{"i":[[13,3],[0,0],[0,0],[0,0],[0,0],[-39.25,1.251],[0,0],[0,0],[0,0],[3,1.5],[0,0]],"o":[[-13,-3],[0,0],[0,0],[0,0],[0,0],[62.75,-2],[0,0],[0,0],[0,0],[-3,-1.5],[0,0]],"v":[[169.75,100.5],[115.25,183],[95.25,237.5],[111,261.75],[139.5,250.75],[200,273.75],[275,221],[318.75,232.5],[330.75,164],[296.25,134],[265.75,106.5]],"c":true}]},{"i":{"x":0.833,"y":0.833},"o":{"x":0.167,"y":0.167},"n":"0p833_0p833_0p167_0p167","t":10,"s":[{"i":[[13,3],[0,0],[0,0],[0,0],[0,0],[-39.25,1.251],[0,0],[0,0],[0,0],[3,1.5],[0,0]],"o":[[-13,-3],[0,0],[0,0],[0,0],[0,0],[62.75,-2],[0,0],[0,0],[0,0],[-3,-1.5],[0,0]],"v":[[169.75,100.5],[115.25,183],[95.25,237.5],[111,261.75],[139.5,250.75],[200,273.75],[275,221],[318.75,232.5],[330.75,164],[296.25,134],[265.75,106.5]],"c":true}],"e":[{"i":[[13,3],[0,0],[0,0],[0,0],[0,0],[-39.25,1.251],[0,0],[0,0],[0,0],[3,1.5],[0,0]],"o":[[-13,-3],[0,0],[0,0],[0,0],[0,0],[62.75,-2],[0,0],[0,0],[0,0],[-3,-1.5],[0,0]],"v":[[169.75,100.5],[115.25,183],[95.25,237.5],[120,226.5],[139.5,250.75],[200,273.75],[275,221],[282.75,191.25],[261.75,132.5],[296.25,134],[265.75,106.5]],"c":true}]},{"t":11}]},"o":{"k":100},"x":{"k":0},"nm":"蒙版 1"}],"w":400,"h":400,"ip":-108,"op":19,"st":-108,"bm":0,"sr":1},{"ddd":0,"ind":2,"ty":2,"nm":"beijing.png","cl":"png","refId":"image_2","ks":{"o":{"k":100},"r":{"k":0},"p":{"k":[111,108,0]},"a":{"k":[93,93,0]},"s":{"k":[100,100,100]}},"ao":0,"ip":0,"op":240,"st":0,"bm":0,"sr":1},{"ddd":0,"ind":3,"ty":4,"nm":"形状图层 1","ks":{"o":{"k":100},"r":{"k":0},"p":{"k":[114.489,83,0]},"a":{"k":[0,0,0]},"s":{"k":[101,101,100]}},"ao":0,"shapes":[{"ty":"gr","it":[{"ty":"rc","d":1,"s":{"k":[60.021,47.955]},"p":{"k":[-77,13]},"r":{"k":0},"nm":"矩形路径 1","mn":"ADBE Vector Shape - Rect"},{"ty":"st","c":{"k":[1,0.39,0.39,1]},"o":{"k":100},"w":{"k":0},"lc":1,"lj":1,"ml":4,"nm":"描边 1","mn":"ADBE Vector Graphic - Stroke"},{"ty":"fl","c":{"k":[0.25,0.69,0.96,1]},"o":{"k":100},"nm":"填充 1","mn":"ADBE Vector Graphic - Fill"},{"ty":"tr","p":{"k":[0.511,54.978],"ix":2},"a":{"k":[0,0],"ix":1},"s":{"k":[100,100],"ix":3},"r":{"k":0,"ix":6},"o":{"k":100,"ix":7},"sk":{"k":0,"ix":4},"sa":{"k":0,"ix":5},"nm":"变换"}],"nm":"矩形 3","np":3,"mn":"ADBE Vector Group"},{"ty":"gr","it":[{"ty":"rc","d":1,"s":{"k":[60.021,47.955]},"p":{"k":[84,-31]},"r":{"k":0},"nm":"矩形路径 1","mn":"ADBE Vector Shape - Rect"},{"ty":"st","c":{"k":[1,0.39,0.39,1]},"o":{"k":100},"w":{"k":0},"lc":1,"lj":1,"ml":4,"nm":"描边 1","mn":"ADBE Vector Graphic - Stroke"},{"ty":"fl","c":{"k":[0.25,0.69,0.96,1]},"o":{"k":100},"nm":"填充 1","mn":"ADBE Vector Graphic - Fill"},{"ty":"tr","p":{"k":[0.511,54.978],"ix":2},"a":{"k":[0,0],"ix":1},"s":{"k":[100,100],"ix":3},"r":{"k":0,"ix":6},"o":{"k":100,"ix":7},"sk":{"k":0,"ix":4},"sa":{"k":0,"ix":5},"nm":"变换"}],"nm":"矩形 2","np":3,"mn":"ADBE Vector Group"},{"ty":"gr","it":[{"ty":"rc","d":1,"s":{"k":[65.021,48.955]},"p":{"k":[34,-113]},"r":{"k":0},"nm":"矩形路径 1","mn":"ADBE Vector Shape - Rect"},{"ty":"st","c":{"k":[1,0.39,0.39,1]},"o":{"k":100},"w":{"k":0},"lc":1,"lj":1,"ml":4,"nm":"描边 1","mn":"ADBE Vector Graphic - Stroke"},{"ty":"fl","c":{"k":[0.25,0.69,0.96,1]},"o":{"k":100},"nm":"填充 1","mn":"ADBE Vector Graphic - Fill"},{"ty":"tr","p":{"k":[0.511,54.978],"ix":2},"a":{"k":[0,0],"ix":1},"s":{"k":[100,100],"ix":3},"r":{"k":0,"ix":6},"o":{"k":100,"ix":7},"sk":{"k":0,"ix":4},"sa":{"k":0,"ix":5},"nm":"变换"}],"nm":"矩形 1","np":3,"mn":"ADBE Vector Group"}],"ip":0,"op":240,"st":0,"bm":0,"sr":1}],"v":"4.5.4","ddd":0,"ip":0,"op":18,"fr":24,"w":230,"h":230}